paper_id,year,title,venue,url,authors,author_ids,n_authors,venue_rank
2020.aacl-main.2,2020,Can Monolingual Pretrained Models Help Cross-Lingual Classification?,aacl,https://aclanthology.org/2020.aacl-main.2/,Zewen Chi; Li Dong; Furu Wei; Xianling Mao; Heyan Huang,zewen-chi; li-dong; furu-wei; xianling-mao; he-yan-huang,5,5
2020.aacl-main.44,2020,Building Location Embeddings from Physical Trajectories and Textual Representations,aacl,https://aclanthology.org/2020.aacl-main.44/,Laura Biester; Carmen Banea; Rada Mihalcea,laura-biester; carmen-banea; rada-mihalcea,3,5
2020.aacl-main.46,2020,A Survey of the State of Explainable AI for Natural Language Processing,aacl,https://aclanthology.org/2020.aacl-main.46/,Marina Danilevsky; Kun Qian; Ranit Aharonov; Yannis Katsis; Ban Kawas; Prithviraj Sen,marina-danilevsky; kun-qian; ranit-aharonov; yannis-katsis; ban-kawas; prithviraj-sen,6,5
2020.aacl-main.84,2020,Sina Mandarin Alphabetical Words:A Web-driven Code-mixing Lexical Resource,aacl,https://aclanthology.org/2020.aacl-main.84/,Rong Xiang; Mingyu Wan; Qi Su; Chu-Ren Huang; Qin Lu,rong-xiang; mingyu-wan; qi-su; chu-ren-huang; qin-lu,5,5
2020.aacl-demo.5,2020,NLP Tools for Predictive Maintenance Records in MaintNet,aacl,https://aclanthology.org/2020.aacl-demo.5/,Farhad Akhbardeh; Travis Desell; Marcos Zampieri,farhad-akhbardeh; travis-desell; marcos-zampieri,3,5
2020.aacl-main.4,2020,Graph Attention Network with Memory Fusion for Aspect-level Sentiment Analysis,aacl,https://aclanthology.org/2020.aacl-main.4/,Li Yuan; Jin Wang; Liang-Chih Yu; Xuejie Zhang,li-yuan; jin-wang; liang-chih-yu; xuejie-zhang,4,5
2020.aacl-main.6,2020,SentiRec: Sentiment Diversity-aware Neural News Recommendation,aacl,https://aclanthology.org/2020.aacl-main.6/,Chuhan Wu; Fangzhao Wu; Tao Qi; Yongfeng Huang,chuhan-wu; fangzhao-wu; tao-qi; yongfeng-huang,4,5
2020.aacl-srw.10,2020,Towards a Standardized Dataset on Indonesian Named Entity Recognition,aacl,https://aclanthology.org/2020.aacl-srw.10/,Siti Oryza Khairunnisa; Aizhan Imankulova; Mamoru Komachi,siti-oryza-khairunnisa; aizhan-imankulova; mamoru-komachi,3,5
2020.aacl-main.31,2020,"All-in-One: A Deep Attentive Multi-task Learning Framework for Humour, Sarcasm, Offensive, Motivation, and Sentiment on Memes",aacl,https://aclanthology.org/2020.aacl-main.31/,Dushyant Singh Chauhan; Dhanush S R; Asif Ekbal; Pushpak Bhattacharyya,dushyant-singh-chauhan; dhanush-s-r; asif-ekbal; pushpak-bhattacharyya,4,5
2020.aacl-main.53,2020,Mixed-Lingual Pre-training for Cross-lingual Summarization,aacl,https://aclanthology.org/2020.aacl-main.53/,Ruochen Xu; Chenguang Zhu; Yu Shi; Michael Zeng; Xuedong Huang,ruochen-xu; chenguang-zhu; yu-shi; michael-zeng; xuedong-huang,5,5
2020.aacl-main.51,2020,Systematically Exploring Redundancy Reduction in Summarizing Long Documents,aacl,https://aclanthology.org/2020.aacl-main.51/,Wen Xiao; Giuseppe Carenini,wen-xiao; giuseppe-carenini,2,5
2020.aacl-main.72,2020,Explaining Word Embeddings via Disentangled Representation,aacl,https://aclanthology.org/2020.aacl-main.72/,Keng-Te Liao; Cheng-Syuan Lee; Zhong-Yu Huang; Shou-de Lin,keng-te-liao; cheng-syuan-lee; zhong-yu-huang; shou-de-lin,4,5
2020.aacl-main.12,2020,Second-Order Neural Dependency Parsing with Message Passing and End-to-End Training,aacl,https://aclanthology.org/2020.aacl-main.12/,Xinyu Wang; Kewei Tu,xinyu-wang; kewei-tu,2,5
2020.aacl-main.86,2020,Happy Are Those Who Grade without Seeing: A Multi-Task Learning Approach to Grade Essays Using Gaze Behaviour,aacl,https://aclanthology.org/2020.aacl-main.86/,Sandeep Mathias; Rudra Murthy; Diptesh Kanojia; Abhijit Mishra; Pushpak Bhattacharyya,sandeep-mathias; rudra-murthy; diptesh-kanojia; abhijit-mishra; pushpak-bhattacharyya,5,5
2020.aacl-main.88,2020,Compressing Pre-trained Language Models by Matrix Decomposition,aacl,https://aclanthology.org/2020.aacl-main.88/,Matan Ben Noach; Yoav Goldberg,matan-ben-noach; yoav-goldberg,2,5
2020.aacl-main.13,2020,High-order Refining for End-to-end Chinese Semantic Role Labeling,aacl,https://aclanthology.org/2020.aacl-main.13/,Hao Fei; Yafeng Ren; Donghong Ji,hao-fei; yafeng-ren; donghong-ji,3,5
2020.aacl-main.73,2020,Multi-view Classification Model for Knowledge Graph Completion,aacl,https://aclanthology.org/2020.aacl-main.73/,Wenbin Jiang; Mengfei Guo; Yufeng Chen; Ying Li; Jinan Xu; Yajuan Lyu; Yong Zhu,wenbin-jiang; mengfei-guo; yufeng-chen; ying-li; jinan-xu; yajuan-lyu; yong-zhu,7,5
2020.aacl-main.54,2020,Point-of-Interest Oriented Question Answering with Joint Inference of Semantic Matching and Distance Correlation,aacl,https://aclanthology.org/2020.aacl-main.54/,Yifei Yuan; Jingbo Zhou; Wai Lam,yifei-yuan; jingbo-zhou; wai-lam,3,5
2020.aacl-srw.3,2020,Towards a Task-Agnostic Model of Difficulty Estimation for Supervised Learning Tasks,aacl,https://aclanthology.org/2020.aacl-srw.3/,Antonio Laverghetta Jr.; Jamshidbek Mirzakhalov; John Licato,antonio-laverghetta-jr; jamshidbek-mirzakhalov; john-licato,3,5
2020.aacl-demo.1,2020,AMesure: A Web Platform to Assist the Clear Writing of Administrative Texts,aacl,https://aclanthology.org/2020.aacl-demo.1/,Thomas François; Adeline Müller; Eva Rolin; Magali Norré,thomas-fran-ois; adeline-m-ller; eva-rolin; magali-norr,4,5
2020.aacl-main.27,2020,AMR Quality Rating with a Lightweight CNN,aacl,https://aclanthology.org/2020.aacl-main.27/,Juri Opitz,juri-opitz,1,5
2020.aacl-main.43,2020,Heads-up! Unsupervised Constituency Parsing via Self-Attention Heads,aacl,https://aclanthology.org/2020.aacl-main.43/,Bowen Li; Taeuk Kim; Reinald Kim Amplayo; Frank Keller,bowen-li; taeuk-kim; reinald-kim-amplayo; frank-keller,4,5
2020.aacl-main.63,2020,Improving Context Modeling in Neural Topic Segmentation,aacl,https://aclanthology.org/2020.aacl-main.63/,Linzi Xing; Brad Hackinen; Giuseppe Carenini; Francesco Trebbi,linzi-xing; brad-hackinen; giuseppe-carenini; francesco-trebbi,4,5
2020.aacl-srw.18,2020,Aspect Extraction Using Coreference Resolution and Unsupervised Filtering,aacl,https://aclanthology.org/2020.aacl-srw.18/,Deon Mai; Wei Emma Zhang,deon-mai; wei-emma-zhang,2,5
2020.aacl-main.25,2020,Towards a Better Understanding of Label Smoothing in Neural Machine Translation,aacl,https://aclanthology.org/2020.aacl-main.25/,Yingbo Gao; Weiyue Wang; Christian Herold; Zijian Yang; Hermann Ney,yingbo-gao; weiyue-wang; christian-herold; zijian-yang; hermann-ney,5,5
2020.aacl-main.41,2020,Predicting and Using Target Length in Neural Machine Translation,aacl,https://aclanthology.org/2020.aacl-main.41/,Zijian Yang; Yingbo Gao; Weiyue Wang; Hermann Ney,zijian-yang; yingbo-gao; weiyue-wang; hermann-ney,4,5
2020.aacl-srw.5,2020,Automatic Classification of Students on Twitter Using Simple Profile Information,aacl,https://aclanthology.org/2020.aacl-srw.5/,Lili-Michal Wilson; Christopher Wun,lili-michal-wilson; christopher-wun,2,5
2020.aacl-main.89,2020,You May Like This Hotel Because ...: Identifying Evidence for Explainable Recommendations,aacl,https://aclanthology.org/2020.aacl-main.89/,Shin Kanouchi; Masato Neishi; Yuta Hayashibe; Hiroki Ouchi; Naoaki Okazaki,shin-kanouchi; masato-neishi; yuta-hayashibe; hiroki-ouchi; naoaki-okazaki,5,5
2020.aacl-main.36,2020,A Systematic Characterization of Sampling Algorithms for Open-ended Language Generation,aacl,https://aclanthology.org/2020.aacl-main.36/,Moin Nadeem; Tianxing He; Kyunghyun Cho; James Glass,moin-nadeem; tianxing-he; kyunghyun-cho; james-glass,4,5
2020.aacl-main.85,2020,IndoNLU: Benchmark and Resources for Evaluating Indonesian Natural Language Understanding,aacl,https://aclanthology.org/2020.aacl-main.85/,Bryan Wilie; Karissa Vincentio; Genta Indra Winata; Samuel Cahyawijaya; Xiaohong Li; Zhi Yuan Lim; Sidik Soleman; Rahmad Mahendra; Pascale Fung; Syafri Bahar; Ayu Purwarianti,bryan-wilie; karissa-vincentio; genta-indra-winata; samuel-cahyawijaya; xiaohong-li; zhi-yuan-lim; sidik-soleman; rahmad-mahendra; pascale-fung; syafri-bahar; ayu-purwarianti,11,5
2020.aacl-main.14,2020,Exploiting WordNet Synset and Hypernym Representations for Answer Selection,aacl,https://aclanthology.org/2020.aacl-main.14/,Weikang Li; Yunfang Wu,weigang-li; yunfang-wu,2,5
2020.aacl-main.17,2020,An Empirical Study of Tokenization Strategies for Various Korean NLP Tasks,aacl,https://aclanthology.org/2020.aacl-main.17/,Kyubyong Park; Joohong Lee; Seongbo Jang; Dawoon Jung,kyubyong-park; joohong-lee; seongbo-jang; dawoon-jung,4,5
2020.aacl-main.7,2020,BCTH: A Novel Text Hashing Approach via Bayesian Clustering,aacl,https://aclanthology.org/2020.aacl-main.7/,Ying Wenjie; Yuquan Le; Hantao Xiong,ying-wenjie; yuquan-le; hantao-xiong,3,5
2020.aacl-main.23,2020,A General Framework for Adaptation of Neural Machine Translation to Simultaneous Translation,aacl,https://aclanthology.org/2020.aacl-main.23/,Yun Chen; Liangyou Li; Xin Jiang; Xiao Chen; Qun Liu,yun-chen; liangyou-li; xin-jiang; xiao-chen; qun-liu,5,5
2020.aacl-srw.4,2020,A Siamese CNN Architecture for Learning Chinese Sentence Similarity,aacl,https://aclanthology.org/2020.aacl-srw.4/,Haoxiang Shi; Cen Wang; Tetsuya Sakai,haoxiang-shi; cen-wang; tetsuya-sakai,3,5
2020.aacl-srw.7,2020,Hindi History Note Generation with Unsupervised Extractive Summarization,aacl,https://aclanthology.org/2020.aacl-srw.7/,Aayush Shah; Dhineshkumar Ramasubbu; Dhruv Mathew; Meet Chetan Gadoya,aayush-shah; dhineshkumar-ramasubbu; dhruv-mathew; meet-chetan-gadoya,4,5
2020.aacl-main.8,2020,Lightweight Text Classifier using Sinusoidal Positional Encoding,aacl,https://aclanthology.org/2020.aacl-main.8/,Byoung-Doo Oh; Yu-Seop Kim,byoung-doo-oh; yu-seop-kim,2,5
2020.aacl-main.30,2020,Modality-Transferable Emotion Embeddings for Low-Resource Multimodal Emotion Recognition,aacl,https://aclanthology.org/2020.aacl-main.30/,Wenliang Dai; Zihan Liu; Tiezheng Yu; Pascale Fung,wenliang-dai; zihan-liu; tiezheng-yu; pascale-fung,4,5
2020.aacl-main.74,2020,Knowledge-Enhanced Named Entity Disambiguation for Short Text,aacl,https://aclanthology.org/2020.aacl-main.74/,Zhifan Feng; Qi Wang; Wenbin Jiang; Yajuan Lyu; Yong Zhu,zhifan-feng; qi-wang; wenbin-jiang; yajuan-lyu; yong-zhu,5,5
2020.aacl-main.62,2020,Massively Multilingual Document Alignment with Cross-lingual Sentence-Mover’s Distance,aacl,https://aclanthology.org/2020.aacl-main.62/,Ahmed El-Kishky; Francisco Guzmán,ahmed-el-kishky; francisco-guzman,2,5
2020.aacl-main.11,2020,Investigating Learning Dynamics of BERT Fine-Tuning,aacl,https://aclanthology.org/2020.aacl-main.11/,Yaru Hao; Li Dong; Furu Wei; Ke Xu,yaru-hao; li-dong; furu-wei; ke-xu,4,5
2020.aacl-main.33,2020,Unsupervised Aspect-Level Sentiment Controllable Style Transfer,aacl,https://aclanthology.org/2020.aacl-main.33/,Mukuntha Narayanan Sundararaman; Zishan Ahmad; Asif Ekbal; Pushpak Bhattacharyya,mukuntha-narayanan-sundararaman; zishan-ahmad; asif-ekbal; pushpak-bhattacharyya,4,5
2020.aacl-main.26,2020,"Comparing Probabilistic, Distributional and Transformer-Based Models on Logical Metonymy Interpretation",aacl,https://aclanthology.org/2020.aacl-main.26/,Giulia Rambelli; Emmanuele Chersoni; Alessandro Lenci; Philippe Blache; Chu-Ren Huang,giulia-rambelli; emmanuele-chersoni; alessandro-lenci; philippe-blache; chu-ren-huang,5,5
2020.aacl-main.67,2020,Neural RST-based Evaluation of Discourse Coherence,aacl,https://aclanthology.org/2020.aacl-main.67/,Grigorii Guz; Peyman Bateni; Darius Muglich; Giuseppe Carenini,grigorii-guz; peyman-bateni; darius-muglich; giuseppe-carenini,4,5
2020.aacl-main.29,2020,Unsupervised KB-to-Text Generation with Auxiliary Triple Extraction using Dual Learning,aacl,https://aclanthology.org/2020.aacl-main.29/,Zihao Fu; Bei Shi; Lidong Bing; Wai Lam,zihao-fu; bei-shi; lidong-bing; wai-lam,4,5
2020.aacl-srw.8,2020,Unbiasing Review Ratings with Tendency Based Collaborative Filtering,aacl,https://aclanthology.org/2020.aacl-srw.8/,Pranshi Yadav; Priya Yadav; Pegah Nokhiz; Vivek Gupta,pranshi-yadav; priya-yadav; pegah-nokhiz; vivek-gupta,4,5
2020.aacl-srw.11,2020,Formal Sanskrit Syntax: A Specification for Programming Language,aacl,https://aclanthology.org/2020.aacl-srw.11/,K. Kabi Khanganba; Girish Jha,k-kabi-khanganba; girish-nath-jha,2,5
2020.aacl-demo.6,2020,Fairseq S2T: Fast Speech-to-Text Modeling with Fairseq,aacl,https://aclanthology.org/2020.aacl-demo.6/,Changhan Wang; Yun Tang; Xutai Ma; Anne Wu; Dmytro Okhonko; Juan Pino,changhan-wang; yun-tang; xutai-ma; anne-wu; dmytro-okhonko; juan-pino,6,5
2020.aacl-main.61,2020,Generating Sports News from Live Commentary: A Chinese Dataset for Sports Game Summarization,aacl,https://aclanthology.org/2020.aacl-main.61/,Kuan-Hao Huang; Chen Li; Kai-Wei Chang,kuan-hao-huang; chen-li; kai-wei-chang,3,5
2020.aacl-main.66,2020,Event Coreference Resolution with Non-Local Information,aacl,https://aclanthology.org/2020.aacl-main.66/,Jing Lu; Vincent Ng,jing-lu; vincent-ng,2,5
2020.aacl-main.39,2020,An Exploratory Study on Multilingual Quality Estimation,aacl,https://aclanthology.org/2020.aacl-main.39/,Shuo Sun; Marina Fomicheva; Frédéric Blain; Vishrav Chaudhary; Ahmed El-Kishky; Adithya Renduchintala; Francisco Guzmán; Lucia Specia,shuo-sun; marina-fomicheva; frederic-blain; vishrav-chaudhary; ahmed-el-kishky; adithya-renduchintala; francisco-guzman; lucia-specia,8,5
2020.aacl-main.48,2020,Multimodal Pretraining for Dense Video Captioning,aacl,https://aclanthology.org/2020.aacl-main.48/,Gabriel Huang; Bo Pang; Zhenhai Zhu; Clara Rivera; Radu Soricut,gabriel-huang; bo-pang; zhenhai-zhu; clara-rivera; radu-soricut,5,5
2020.aacl-main.35,2020,Intent Detection with WikiHow,aacl,https://aclanthology.org/2020.aacl-main.35/,Li Zhang; Qing Lyu; Chris Callison-Burch,li-zhang-upenn; qing-lyu; chris-callison-burch,3,5
2020.aacl-main.18,2020,BERT-Based Neural Collaborative Filtering and Fixed-Length Contiguous Tokens Explanation,aacl,https://aclanthology.org/2020.aacl-main.18/,Reinald Adrian Pugoy; Hung-Yu Kao,reinald-adrian-pugoy; hung-yu-kao,2,5
2020.aacl-main.64,2020,Contextualized End-to-End Neural Entity Linking,aacl,https://aclanthology.org/2020.aacl-main.64/,Haotian Chen; Xi Li; Andrej Zukov Gregoric; Sahil Wadhwa,haotian-chen; xi-li; andrej-zukov-gregoric; sahil-wadhwa,4,5
2020.aacl-main.34,2020,Energy-based Self-attentive Learning of Abstractive Communities for Spoken Language Understanding,aacl,https://aclanthology.org/2020.aacl-main.34/,Guokan Shang; Antoine Tixier; Michalis Vazirgiannis; Jean-Pierre Lorré,guokan-shang; antoine-tixier; michalis-vazirgiannis; jean-pierre-lorr,4,5
2020.aacl-main.76,2020,Robustness and Reliability of Gender Bias Assessment in Word Embeddings: The Role of Base Pairs,aacl,https://aclanthology.org/2020.aacl-main.76/,Haiyang Zhang; Alison Sneyd; Mark Stevenson,haiyang-zhang; alison-sneyd; mark-stevenson,3,5
2020.aacl-main.1,2020,Touch Editing: A Flexible One-Time Interaction Approach for Translation,aacl,https://aclanthology.org/2020.aacl-main.1/,Qian Wang; Jiajun Zhang; Lemao Liu; Guoping Huang; Chengqing Zong,qian-wang; jiajun-zhang; lemao-liu; guoping-huang; chengqing-zong,5,5
2020.aacl-main.42,2020,Grounded PCFG Induction with Images,aacl,https://aclanthology.org/2020.aacl-main.42/,Lifeng Jin; William Schuler,lifeng-jin; william-schuler,2,5
2020.aacl-srw.2,2020,Two-Headed Monster and Crossed Co-Attention Networks,aacl,https://aclanthology.org/2020.aacl-srw.2/,Yaoyiran Li; Jing Jiang,yaoyiran-li; jing-jiang,2,5
2020.aacl-main.65,2020,DAPPER: Learning Domain-Adapted Persona Representation Using Pretrained BERT and External Memory,aacl,https://aclanthology.org/2020.aacl-main.65/,Prashanth Vijayaraghavan; Eric Chu; Deb Roy,prashanth-vijayaraghavan; eric-chu; deb-roy,3,5
2020.aacl-main.77,2020,ExpanRL: Hierarchical Reinforcement Learning for Course Concept Expansion in MOOCs,aacl,https://aclanthology.org/2020.aacl-main.77/,Jifan Yu; Chenyu Wang; Gan Luo; Lei Hou; Juanzi Li; Jie Tang; Minlie Huang; Zhiyuan Liu,jifan-yu; chenyu-wang; gan-luo; lei-hou; juanzi-li; jie-tang; minlie-huang; zhiyuan-liu,8,5
2020.aacl-main.28,2020,Generating Commonsense Explanation by Extracting Bridge Concepts from Reasoning Paths,aacl,https://aclanthology.org/2020.aacl-main.28/,Haozhe Ji; Pei Ke; Shaohan Huang; Furu Wei; Minlie Huang,haozhe-ji; pei-ke; shaohan-huang; furu-wei; minlie-huang,5,5
2020.aacl-main.20,2020,Chinese Grammatical Correction Using BERT-based Pre-trained Model,aacl,https://aclanthology.org/2020.aacl-main.20/,Hongfei Wang; Michiki Kurosawa; Satoru Katsumata; Mamoru Komachi,hongfei-wang; michiki-kurosawa; satoru-katsumata; mamoru-komachi,4,5
2020.aacl-main.92,2020,Measuring What Counts: The Case of Rumour Stance Classification,aacl,https://aclanthology.org/2020.aacl-main.92/,Carolina Scarton; Diego Silva; Kalina Bontcheva,carolina-scarton; diego-silva; kalina-bontcheva,3,5
2020.aacl-srw.17,2020,Multi-task Learning for Automated Essay Scoring with Sentiment Analysis,aacl,https://aclanthology.org/2020.aacl-srw.17/,Panitan Muangkammuen; Fumiyo Fukumoto,panitan-muangkammuen; fumiyo-fukumoto,2,5
2020.aacl-main.10,2020,A Simple and Effective Usage of Word Clusters for CBOW Model,aacl,https://aclanthology.org/2020.aacl-main.10/,Yukun Feng; Chenlong Hu; Hidetaka Kamigaito; Hiroya Takamura; Manabu Okumura,yukun-feng; chenlong-hu; hidetaka-kamigaito; hiroya-takamura; manabu-okumura,5,5
2020.aacl-main.15,2020,A Simple Text-based Relevant Location Prediction Method using Knowledge Base,aacl,https://aclanthology.org/2020.aacl-main.15/,Mei Sasaki; Shumpei Okura; Shingo Ono,mei-sasaki; shumpei-okura; shingo-ono,3,5
2020.aacl-srw.21,2020,MRC Examples Answerable by BERT without a Question Are Less Effective in MRC Model Training,aacl,https://aclanthology.org/2020.aacl-srw.21/,Hongyu Li; Tengyang Chen; Shuting Bai; Takehito Utsuro; Yasuhide Kawada,hongyu-li; tengyang-chen; shuting-bai; takehito-utsuro; yasuhide-kawada,5,5
2020.aacl-demo.4,2020,metaCAT: A Metadata-based Task-oriented Chatbot Annotation Tool,aacl,https://aclanthology.org/2020.aacl-demo.4/,Ximing Liu; Wei Xue; Qi Su; Weiran Nie; Wei Peng,ximing-liu; wei-xue; qi-su; weiran-nie; wei-peng,5,5
2022.aacl-main.18,2022,Neural Text Sanitization with Explicit Measures of Privacy Risk,aacl,https://aclanthology.org/2022.aacl-main.18/,Anthi Papadopoulou; Yunhao Yu; Pierre Lison; Lilja Øvrelid,anthi-papadopoulou; yunhao-yu; pierre-lison; lilja-ovrelid,4,5
2022.aacl-main.41,2022,Dynamic Context Extraction for Citation Classification,aacl,https://aclanthology.org/2022.aacl-main.41/,Suchetha Nambanoor Kunnath; David Pride; Petr Knoth,suchetha-nambanoor-kunnath; david-pride; petr-knoth,3,5
2022.aacl-short.48,2022,Assessing Combinational Generalization of Language Models in Biased Scenarios,aacl,https://aclanthology.org/2022.aacl-short.48/,Yanbo Fang; Zuohui Fu; Xin Dong; Yongfeng Zhang; Gerard de Melo,yanbo-fang; zuohui-fu; xin-dong-rutgers; yongfeng-zhang; gerard-de-melo,5,5
2022.aacl-main.28,2022,Discourse Parsing Enhanced by Discourse Dependence Perception,aacl,https://aclanthology.org/2022.aacl-main.28/,Yuqing Xing; Longyin Zhang; Fang Kong; Guodong Zhou,yuqing-xing; longyin-zhang; fang-kong; guodong-zhou,4,5
2022.aacl-main.61,2022,A Prompt Array Keeps the Bias Away: Debiasing Vision-Language Models with Adversarial Learning,aacl,https://aclanthology.org/2022.aacl-main.61/,Hugo Berg; Siobhan Hall; Yash Bhalgat; Hannah Kirk; Aleksandar Shtedritski; Max Bain,hugo-berg; siobhan-hall; yash-bhalgat; hannah-kirk; aleksandar-shtedritski; max-bain,6,5
2022.aacl-main.15,2022,Cross-lingual Similarity of Multilingual Representations Revisited,aacl,https://aclanthology.org/2022.aacl-main.15/,Maksym Del; Mark Fishel,maksym-del; mark-fishel,2,5
2022.aacl-short.3,2022,Benchmarking the Covariate Shift Robustness of Open-world Intent Classification Approaches,aacl,https://aclanthology.org/2022.aacl-short.3/,Sopan Khosla; Rashmi Gangadharaiah,sopan-khosla; rashmi-gangadharaiah,2,5
2022.aacl-tutorials.3,2022,When Cantonese NLP Meets Pre-training: Progress and Challenges,aacl,https://aclanthology.org/2022.aacl-tutorials.3/,Rong Xiang; Hanzhuo Tan; Jing Li; Mingyu Wan; Kam-Fai Wong,rong-xiang; hanzhuo-tan; jing-li; mingyu-wan; kam-fai-wong,5,5
2022.aacl-short.20,2022,How Relevant is Selective Memory Population in Lifelong Language Learning?,aacl,https://aclanthology.org/2022.aacl-short.20/,Vladimir Araujo; Helena Balabin; Julio Hurtado; Alvaro Soto; Marie-Francine Moens,vladimir-araujo; helena-balabin; julio-hurtado; alvaro-soto; marie-francine-moens,5,5
2022.aacl-short.49,2022,Controllable Text Simplification with Deep Reinforcement Learning,aacl,https://aclanthology.org/2022.aacl-short.49/,Daiki Yanamoto; Tomoki Ikawa; Tomoyuki Kajiwara; Takashi Ninomiya; Satoru Uchida; Yuki Arase,daiki-yanamoto; tomoki-ikawa; tomoyuki-kajiwara; takashi-ninomiya; satoru-uchida; yuki-arase,6,5
2022.aacl-main.22,2022,CrowdChecked: Detecting Previously Fact-Checked Claims in Social Media,aacl,https://aclanthology.org/2022.aacl-main.22/,Momchil Hardalov; Anton Chernyavskiy; Ivan Koychev; Dmitry Ilvovsky; Preslav Nakov,momchil-hardalov; anton-chernyavskiy; ivan-koychev; dmitry-ilvovsky; preslav-nakov,5,5
2022.aacl-srw.12,2022,Dynamic Topic Modeling by Clustering Embeddings from Pretrained Language Models: A Research Proposal,aacl,https://aclanthology.org/2022.aacl-srw.12/,Anton Eklund; Mona Forsman; Frank Drewes,anton-eklund; mona-forsman; frank-drewes,3,5
2022.aacl-main.38,2022,SummVD : An efficient approach for unsupervised topic-based text summarization,aacl,https://aclanthology.org/2022.aacl-main.38/,Gabriel Shenouda; Aurélien Bossard; Oussama Ayoub; Christophe Rodrigues,gabriel-shenouda; aur-lien-bossard; oussama-ayoub; christophe-rodrigues,4,5
2022.aacl-short.29,2022,Improving Graph-Based Text Representations with Character and Word Level N-grams,aacl,https://aclanthology.org/2022.aacl-short.29/,Wenzhe Li; Nikolaos Aletras,wenzhe-li; nikolaos-aletras,2,5
2022.aacl-main.14,2022,This Patient Looks Like That Patient: Prototypical Networks for Interpretable Diagnosis Prediction from Clinical Text,aacl,https://aclanthology.org/2022.aacl-main.14/,Betty van Aken; Jens-Michalis Papaioannou; Marcel Naik; Georgios Eleftheriadis; Wolfgang Nejdl; Felix Gers; Alexander Loeser,betty-van-aken; jens-michalis-papaioannou; marcel-naik; georgios-eleftheriadis; wolfgang-nejdl; felix-gers; alexander-loeser,7,5
2022.aacl-short.22,2022,Multi-Type Conversational Question-Answer Generation with Closed-ended and Unanswerable Questions,aacl,https://aclanthology.org/2022.aacl-short.22/,Seonjeong Hwang; Yunsu Kim; Gary Geunbae Lee,seonjeong-hwang; yunsu-kim; gary-geunbae-lee,3,5
2022.aacl-short.24,2022,NGEP: A Graph-based Event Planning Framework for Story Generation,aacl,https://aclanthology.org/2022.aacl-short.24/,Chen Tang; Zhihao Zhang; Tyler Loakman; Chenghua Lin; Frank Guerin,chen-tang; zhihao-zhang; tyler-loakman; chenghua-lin; frank-guerin,5,5
2022.aacl-main.75,2022,What’s Different between Visual Question Answering for Machine “Understanding” Versus for Accessibility?,aacl,https://aclanthology.org/2022.aacl-main.75/,Yang Trista Cao; Kyle Seelman; Kyungjun Lee; Hal Daumé III,yang-trista-cao; kyle-seelman; kyungjun-lee; hal-daume-iii,4,5
2022.aacl-demo.9,2022,Text Characterization Toolkit (TCT),aacl,https://aclanthology.org/2022.aacl-demo.9/,Daniel Simig; Tianlu Wang; Verna Dankers; Peter Henderson; Khuyagbaatar Batsuren; Dieuwke Hupkes; Mona Diab,daniel-simig; tianlu-wang; verna-dankers; peter-henderson; khuyagbaatar-batsuren; dieuwke-hupkes; mona-diab,7,5
2022.aacl-short.25,2022,A Simple Yet Effective Hybrid Pre-trained Language Model for Unsupervised Sentence Acceptability Prediction,aacl,https://aclanthology.org/2022.aacl-short.25/,Yang Zhao; Issei Yoshida,yang-zhao; issei-yoshida,2,5
2022.aacl-main.17,2022,Semantic Shift Stability: Efficient Way to Detect Performance Degradation of Word Embeddings and Pre-trained Language Models,aacl,https://aclanthology.org/2022.aacl-main.17/,Shotaro Ishihara; Hiromu Takahashi; Hono Shirai,shotaro-ishihara; hiromu-takahashi; hono-shirai,3,5
2022.aacl-main.60,2022,Domain-aware Self-supervised Pre-training for Label-Efficient Meme Analysis,aacl,https://aclanthology.org/2022.aacl-main.60/,Shivam Sharma; Mohd Khizir Siddiqui; Md. Shad Akhtar; Tanmoy Chakraborty,shivam-sharma; mohd-khizir-siddiqui; md-shad-akhtar; tanmoy-chakraborty,4,5
2022.aacl-main.55,2022,Re-contextualizing Fairness in NLP: The Case of India,aacl,https://aclanthology.org/2022.aacl-main.55/,Shaily Bhatt; Sunipa Dev; Partha Talukdar; Shachi Dave; Vinodkumar Prabhakaran,shaily-bhatt; sunipa-dev; partha-talukdar; shachi-dave; vinodkumar-prabhakaran,5,5
2022.aacl-srw.7,2022,C3PO: A Lightweight Copying Mechanism for Translating Pseudocode to Code,aacl,https://aclanthology.org/2022.aacl-srw.7/,Vishruth Veerendranath; Vibha Masti; Prajwal Anagani; Mamatha Hr,vishruth-veerendranath; vibha-masti; prajwal-anagani; mamatha-hr,4,5
2022.aacl-srw.9,2022,An Empirical Study on Topic Preservation in Multi-Document Summarization,aacl,https://aclanthology.org/2022.aacl-srw.9/,Mong Yuan Sim; Wei Emma Zhang; Congbo Ma,mong-yuan-sim; wei-emma-zhang; congbo-ma,3,5
2022.aacl-short.58,2022,How Well Do Multi-hop Reading Comprehension Models Understand Date Information?,aacl,https://aclanthology.org/2022.aacl-short.58/,Xanh Ho; Saku Sugawara; Akiko Aizawa,xanh-ho; saku-sugawara; akiko-aizawa,3,5
2022.aacl-short.28,2022,Adversarially Improving NMT Robustness to ASR Errors with Confusion Sets,aacl,https://aclanthology.org/2022.aacl-short.28/,Shuaibo Wang; Yufeng Chen; Songming Zhang; Deyi Xiong; Jinan Xu,shuaibo-wang; yufeng-chen; songming-zhang; deyi-xiong; jinan-xu,5,5
2022.aacl-main.6,2022,Systematic Evaluation of Predictive Fairness,aacl,https://aclanthology.org/2022.aacl-main.6/,Xudong Han; Aili Shen; Trevor Cohn; Timothy Baldwin; Lea Frermann,xudong-han; aili-shen; trevor-cohn; timothy-baldwin; lea-frermann,5,5
2022.aacl-main.82,2022,Characterizing and addressing the issue of oversmoothing in neural autoregressive sequence modeling,aacl,https://aclanthology.org/2022.aacl-main.82/,Ilia Kulikov; Maksim Eremeev; Kyunghyun Cho,ilia-kulikov; maksim-eremeev; kyunghyun-cho,3,5
2022.aacl-main.50,2022,Food Knowledge Representation Learning with Adversarial Substitution,aacl,https://aclanthology.org/2022.aacl-main.50/,Diya Li; Mohammed J Zaki,diya-li; mohammed-j-zaki,2,5
2022.aacl-main.27,2022,Cross-Lingual Open-Domain Question Answering with Answer Sentence Generation,aacl,https://aclanthology.org/2022.aacl-main.27/,Benjamin Muller; Luca Soldaini; Rik Koncel-Kedziorski; Eric Lind; Alessandro Moschitti,benjamin-muller; luca-soldaini; rik-koncel-kedziorski; eric-lind; alessandro-moschitti,5,5
2022.aacl-short.37,2022,CSS: Combining Self-training and Self-supervised Learning for Few-shot Dialogue State Tracking,aacl,https://aclanthology.org/2022.aacl-short.37/,Haoning Zhang; Junwei Bao; Haipeng Sun; Huaishao Luo; Wenye Li; Shuguang Cui,haoning-zhang; junwei-bao; haipeng-sun; huaishao-luo; wenye-li; shuguang-cui,6,5
2022.aacl-short.52,2022,CoFE: A New Dataset of Intra-Multilingual Multi-target Stance Classification from an Online European Participatory Democracy Platform,aacl,https://aclanthology.org/2022.aacl-short.52/,Valentin Barriere; Guillaume Guillaume Jacquet; Leo Hemamou,valentin-barriere; guillaume-guillaume-jacquet; leo-hemamou,3,5
2022.aacl-main.29,2022,Prediction of People’s Emotional Response towards Multi-modal News,aacl,https://aclanthology.org/2022.aacl-main.29/,Ge Gao; Sejin Paik; Carley Reardon; Yanling Zhao; Lei Guo; Prakash Ishwar; Margrit Betke; Derry Tanti Wijaya,ge-gao; sejin-paik; carley-reardon; yanling-zhao; lei-guo; prakash-ishwar; margrit-betke; derry-tanti-wijaya,8,5
2022.aacl-main.11,2022,SPARQL-to-Text Question Generation for Knowledge-Based Conversational Applications,aacl,https://aclanthology.org/2022.aacl-main.11/,Gwénolé Lecorvé; Morgan Veyret; Quentin Brabant; Lina M. Rojas Barahona,gw-nol-lecorv; morgan-veyret; quentin-brabant; lina-m-rojas-barahona,4,5
2022.aacl-main.39,2022,Director: Generator-Classifiers For Supervised Language Modeling,aacl,https://aclanthology.org/2022.aacl-main.39/,Kushal Arora; Kurt Shuster; Sainbayar Sukhbaatar; Jason Weston,kushal-arora; kurt-shuster; sainbayar-sukhbaatar; jason-weston,4,5
2022.aacl-short.9,2022,Combining Argumentation Structure and Language Model for Generating Natural Argumentative Dialogue,aacl,https://aclanthology.org/2022.aacl-short.9/,Koh Mitsuda; Ryuichiro Higashinaka; Kuniko Saito,koh-mitsuda; ryuichiro-higashinaka; kuniko-saito,3,5
2022.aacl-short.45,2022,Evaluating Pre-Trained Sentence-BERT with Class Embeddings in Active Learning for Multi-Label Text Classification,aacl,https://aclanthology.org/2022.aacl-short.45/,Lukas Wertz; Jasmina Bogojeska; Katsiaryna Mirylenka; Jonas Kuhn,lukas-wertz; jasmina-bogojeska; katsiaryna-mirylenka; jonas-kuhn,4,5
2022.aacl-short.10,2022,Every word counts: A multilingual analysis of individual human alignment with model attention,aacl,https://aclanthology.org/2022.aacl-short.10/,Stephanie Brandl; Nora Hollenstein,stephanie-brandl; nora-hollenstein,2,5
2022.aacl-srw.1,2022,Emotional Intensity Estimation based on Writer’s Personality,aacl,https://aclanthology.org/2022.aacl-srw.1/,Haruya Suzuki; Sora Tarumoto; Tomoyuki Kajiwara; Takashi Ninomiya; Yuta Nakashima; Hajime Nagahara,haruya-suzuki; sora-tarumoto; tomoyuki-kajiwara; takashi-ninomiya; yuta-nakashima; hajime-nagahara,6,5
2022.aacl-main.35,2022,Transferring Knowledge via Neighborhood-Aware Optimal Transport for Low-Resource Hate Speech Detection,aacl,https://aclanthology.org/2022.aacl-main.35/,Tulika Bose; Irina Illina; Dominique Fohr,tulika-bose; irina-illina; dominique-fohr,3,5
2022.aacl-short.2,2022,A Unified Model for Reverse Dictionary and Definition Modelling,aacl,https://aclanthology.org/2022.aacl-short.2/,Pinzhen Chen; Zheng Zhao,pinzhen-chen; zheng-zhao,2,5
2022.aacl-main.78,2022,FPC: Fine-tuning with Prompt Curriculum for Relation Extraction,aacl,https://aclanthology.org/2022.aacl-main.78/,Sicheng Yang; Dandan Song,sicheng-yang; dandan-song,2,5
2022.aacl-main.62,2022,Some Languages are More Equal than Others: Probing Deeper into the Linguistic Disparity in the NLP World,aacl,https://aclanthology.org/2022.aacl-main.62/,Surangika Ranathunga; Nisansa de Silva,surangika-ranathunga; nisansa-de-silva,2,5
2022.aacl-short.50,2022,Vector Space Interpolation for Query Expansion,aacl,https://aclanthology.org/2022.aacl-short.50/,Deepanway Ghosal; Somak Aditya; Sandipan Dandapat; Monojit Choudhury,deepanway-ghosal; somak-aditya; sandipan-dandapat; monojit-choudhury,4,5
2022.aacl-demo.2,2022,"TexPrax: A Messaging Application for Ethical, Real-time Data Collection and Annotation",aacl,https://aclanthology.org/2022.aacl-demo.2/,Lorenz Stangier; Ji-Ung Lee; Yuxi Wang; Marvin Müller; Nicholas Frick; Joachim Metternich; Iryna Gurevych,lorenz-stangier; ji-ung-lee; yuxi-wang; marvin-m-ller; nicholas-frick; joachim-metternich; iryna-gurevych,7,5
2022.aacl-short.12,2022,BERTSeg: BERT Based Unsupervised Subword Segmentation for Neural Machine Translation,aacl,https://aclanthology.org/2022.aacl-short.12/,Haiyue Song; Raj Dabre; Zhuoyuan Mao; Chenhui Chu; Sadao Kurohashi,haiyue-song; raj-dabre; zhuoyuan-mao; chenhui-chu; sadao-kurohashi,5,5
2022.aacl-short.32,2022,Seeking Diverse Reasoning Logic: Controlled Equation Expression Generation for Solving Math Word Problems,aacl,https://aclanthology.org/2022.aacl-short.32/,Yibin Shen; Qianying Liu; Zhuoyuan Mao; Zhen Wan; Fei Cheng; Sadao Kurohashi,yibin-shen; qianying-liu; zhuoyuan-mao; zhen-wan; fei-cheng; sadao-kurohashi,6,5
2022.aacl-short.60,2022,How to tackle an emerging topic? Combining strong and weak labels for Covid news NER,aacl,https://aclanthology.org/2022.aacl-short.60/,Aleksander Ficek; Fangyu Liu; Nigel Collier,aleksander-ficek; fangyu-liu; nigel-collier,3,5
2022.aacl-main.47,2022,Multimodal Generation of Radiology Reports using Knowledge-Grounded Extraction of Entities and Relations,aacl,https://aclanthology.org/2022.aacl-main.47/,Francesco Dalla Serra; William Clackett; Hamish MacKinnon; Chaoyang Wang; Fani Deligianni; Jeff Dalton; Alison Q. O’Neil,francesco-dalla-serra; william-clackett; hamish-mackinnon; chaoyang-wang; fani-deligianni; jeff-dalton; alison-q-o-neil,7,5
2022.aacl-main.7,2022,Graph-augmented Learning to Rank for Querying Large-scale Knowledge Graph,aacl,https://aclanthology.org/2022.aacl-main.7/,Hanning Gao; Lingfei Wu; Po Hu; Zhihua Wei; Fangli Xu; Bo Long,hanning-gao; lingfei-wu; po-hu; zhihua-wei; fangli-xu; bo-long,6,5
2022.aacl-main.51,2022,Construction Repetition Reduces Information Rate in Dialogue,aacl,https://aclanthology.org/2022.aacl-main.51/,Mario Giulianelli; Arabella Sinclair; Raquel Fernández,mario-giulianelli; arabella-sinclair; raquel-fernandez,3,5
2022.aacl-main.24,2022,Learning Interpretable Latent Dialogue Actions With Less Supervision,aacl,https://aclanthology.org/2022.aacl-main.24/,Vojtěch Hudeček; Ondřej Dušek,vojt-ch-hude-ek; ond-ej-du-ek,2,5
2022.aacl-short.6,2022,Towards Modeling Role-Aware Centrality for Dialogue Summarization,aacl,https://aclanthology.org/2022.aacl-short.6/,Xinnian Liang; Chao Bian; Shuangzhi Wu; Zhoujun Li,xinnian-liang; chao-bian; shuangzhi-wu; zhoujun-li,4,5
2022.aacl-short.38,2022,Demographic-Aware Language Model Fine-tuning as a Bias Mitigation Technique,aacl,https://aclanthology.org/2022.aacl-short.38/,Aparna Garimella; Rada Mihalcea; Akhash Amarnath,aparna-garimella; rada-mihalcea; akhash-amarnath,3,5
2022.aacl-short.16,2022,Parsing linearizations appreciate PoS tags - but some are fussy about errors,aacl,https://aclanthology.org/2022.aacl-short.16/,Alberto Muñoz-Ortiz; Mark Anderson; David Vilares; Carlos Gómez-Rodríguez,alberto-mu-oz-ortiz; mark-anderson; david-vilares; carlos-g-mez-rodr-guez,4,5
2022.aacl-main.71,2022,Meta-Learning based Deferred Optimisation for Sentiment and Emotion aware Multi-modal Dialogue Act Classification,aacl,https://aclanthology.org/2022.aacl-main.71/,Tulika Saha; Aditya Prakash Patra; Sriparna Saha; Pushpak Bhattacharyya,tulika-saha; aditya-prakash-patra; sriparna-saha; pushpak-bhattacharyya,4,5
2022.aacl-main.33,2022,AVAST: Attentive Variational State Tracker in a Reinforced Navigator,aacl,https://aclanthology.org/2022.aacl-main.33/,Je-Wei Jang; Mahdin Rohmatillah; Jen-Tzung Chien,je-wei-jang; mahdin-rohmatillah; jen-tzung-chien,3,5
2022.aacl-main.85,2022,Higher-Order Dependency Parsing for Arc-Polynomial Score Functions via Gradient-Based Methods and Genetic Algorithm,aacl,https://aclanthology.org/2022.aacl-main.85/,Xudong Zhang; Joseph Le Roux; Thierry Charnois,xudong-zhang; joseph-le-roux; thierry-charnois,3,5
2022.aacl-main.20,2022,Towards Unified Representations of Knowledge Graph and Expert Rules for Machine Learning and Reasoning,aacl,https://aclanthology.org/2022.aacl-main.20/,Zhepei Wei; Yue Wang; Jinnan Li; Zhining Liu; Erxin Yu; Yuan Tian; Xin Wang; Yi Chang,zhepei-wei; yue-wang; jinnan-li; zhining-liu; erxin-yu; yuan-tian; xin-wang; yi-chang,8,5
2022.aacl-short.53,2022,Exploring the Effects of Negation and Grammatical Tense on Bias Probes,aacl,https://aclanthology.org/2022.aacl-short.53/,Samia Touileb,samia-touileb,1,5
2022.aacl-short.1,2022,Transfer Learning for Humor Detection by Twin Masked Yellow Muppets,aacl,https://aclanthology.org/2022.aacl-short.1/,Aseem Arora; Gaël Dias; Adam Jatowt; Asif Ekbal,aseem-arora; gael-dias; adam-jatowt; asif-ekbal,4,5
2022.aacl-main.63,2022,Neural Readability Pairwise Ranking for Sentences in Italian Administrative Language,aacl,https://aclanthology.org/2022.aacl-main.63/,Martina Miliani; Serena Auriemma; Fernando Alva-Manchego; Alessandro Lenci,martina-miliani; serena-auriemma; fernando-alva-manchego; alessandro-lenci,4,5
2022.aacl-srw.5,2022,MUTE: A Multimodal Dataset for Detecting Hateful Memes,aacl,https://aclanthology.org/2022.aacl-srw.5/,Eftekhar Hossain; Omar Sharif; Mohammed Moshiul Hoque,eftekhar-hossain; omar-sharif; mohammed-moshiul-hoque,3,5
2022.aacl-main.10,2022,Missing Modality meets Meta Sampling (M3S): An Efficient Universal Approach for Multimodal Sentiment Analysis with Missing Modality,aacl,https://aclanthology.org/2022.aacl-main.10/,Haozhe Chi; Minghua Yang; Junhao Zhu; Guanhong Wang; Gaoang Wang,haozhe-chi; minghua-yang; junhao-zhu; guanhong-wang; gaoang-wang,5,5
2022.aacl-demo.6,2022,"F-coref: Fast, Accurate and Easy to Use Coreference Resolution",aacl,https://aclanthology.org/2022.aacl-demo.6/,Shon Otmazgin; Arie Cattan; Yoav Goldberg,shon-otmazgin; arie-cattan; yoav-goldberg,3,5
2022.aacl-main.25,2022,Named Entity Recognition in Twitter: A Dataset and Analysis on Short-Term Temporal Shifts,aacl,https://aclanthology.org/2022.aacl-main.25/,Asahi Ushio; Francesco Barbieri; Vitor Sousa; Leonardo Neves; Jose Camacho-Collados,asahi-ushio; francesco-barbieri; vitor-sousa; leonardo-neves; jose-camacho-collados,5,5
2022.aacl-short.51,2022,SchAman: Spell-Checking Resources and Benchmark for Endangered Languages from Amazonia,aacl,https://aclanthology.org/2022.aacl-short.51/,Arturo Oncevay; Gerardo Cardoso; Carlo Alva; César Lara Ávila; Jovita Vásquez Balarezo; Saúl Escobar Rodríguez; Delio Siticonatzi Camaiteri; Esaú Zumaeta Rojas; Didier López Francis; Juan López Bautista; Nimia Acho Rios; Remigio Zapata Cesareo; Héctor Erasmo Gómez Montoya; Roberto Zariquiey,arturo-oncevay; gerardo-cardoso; carlo-alva; c-sar-lara-vila; jovita-v-squez-balarezo; sa-l-escobar-rodr-guez; delio-siticonatzi-camaiteri; esa-zumaeta-rojas; didier-l-pez-francis; juan-l-pez-bautista; nimia-acho-rios; remigio-zapata-cesareo; h-ctor-erasmo-g-mez-montoya; roberto-zariquiey,14,5
2022.aacl-demo.4,2022,UKP-SQuARE v2: Explainability and Adversarial Attacks for Trustworthy QA,aacl,https://aclanthology.org/2022.aacl-demo.4/,Rachneet Sachdeva; Haritz Puerto; Tim Baumgärtner; Sewin Tariverdian; Hao Zhang; Kexin Wang; Hossain Shaikh Saadi; Leonardo F. R. Ribeiro; Iryna Gurevych,rachneet-sachdeva; haritz-puerto; tim-baumg-rtner; sewin-tariverdian; hao-zhang; kexin-wang-tudarmstadt; hossain-shaikh-saadi; leonardo-f-r-ribeiro; iryna-gurevych,9,5
2022.aacl-main.3,2022,An Empirical Study on Cross-X Transfer for Legal Judgment Prediction,aacl,https://aclanthology.org/2022.aacl-main.3/,Joel Niklaus; Matthias Stürmer; Ilias Chalkidis,joel-niklaus; matthias-st-rmer; ilias-chalkidis,3,5
2022.aacl-main.87,2022,COFAR: Commonsense and Factual Reasoning in Image Search,aacl,https://aclanthology.org/2022.aacl-main.87/,Prajwal Gatti; Abhirama Subramanyam Penamakuri; Revant Teotia; Anand Mishra; Shubhashis Sengupta; Roshni Ramnani,prajwal-gatti; abhirama-subramanyam-penamakuri; revant-teotia; anand-mishra; shubhashis-sengupta; roshni-ramnani,6,5
2022.aacl-srw.8,2022,Outlier-Aware Training for Improving Group Accuracy Disparities,aacl,https://aclanthology.org/2022.aacl-srw.8/,Li-Kuang Chen; Canasai Kruengkrai; Junichi Yamagishi,li-kuang-chen; canasai-kruengkrai; junichi-yamagishi,3,5
2022.aacl-main.69,2022,Unsupervised Single Document Abstractive Summarization using Semantic Units,aacl,https://aclanthology.org/2022.aacl-main.69/,Jhen-Yi Wu; Ying-Jia Lin; Hung-Yu Kao,jhen-yi-wu; ying-jia-lin; hung-yu-kao,3,5
2022.aacl-main.1,2022,Chasing the Tail with Domain Generalization: A Case Study on Frequency-Enriched Datasets,aacl,https://aclanthology.org/2022.aacl-main.1/,Manoj Kumar; Anna Rumshisky; Rahul Gupta,manoj-kumar; anna-rumshisky; rahul-gupta,3,5
2022.aacl-short.54,2022,Promoting Pre-trained LM with Linguistic Features on Automatic Readability Assessment,aacl,https://aclanthology.org/2022.aacl-short.54/,Shudi Hou; Simin Rao; Yu Xia; Sujian Li,shudi-hou; simin-rao; yu-xia; sujian-li,4,5
2022.aacl-short.33,2022,BanglaParaphrase: A High-Quality Bangla Paraphrase Dataset,aacl,https://aclanthology.org/2022.aacl-short.33/,Ajwad Akil; Najrin Sultana; Abhik Bhattacharjee; Rifat Shahriyar,ajwad-akil; najrin-sultana; abhik-bhattacharjee; rifat-shahriyar,4,5
2022.aacl-demo.1,2022,VScript: Controllable Script Generation with Visual Presentation,aacl,https://aclanthology.org/2022.aacl-demo.1/,Ziwei Ji; Yan Xu; I-Tsun Cheng; Samuel Cahyawijaya; Rita Frieske; Etsuko Ishii; Min Zeng; Andrea Madotto; Pascale Fung,ziwei-ji; yan-xu; i-tsun-cheng; samuel-cahyawijaya; rita-frieske; etsuko-ishii; min-zeng; andrea-madotto; pascale-fung,9,5
2022.aacl-short.42,2022,Self-Repetition in Abstractive Neural Summarizers,aacl,https://aclanthology.org/2022.aacl-short.42/,Nikita Salkar; Thomas Trikalinos; Byron Wallace; Ani Nenkova,nikita-salkar; thomas-trikalinos; byron-c-wallace; ani-nenkova,4,5
2022.aacl-short.35,2022,Local Structure Matters Most in Most Languages,aacl,https://aclanthology.org/2022.aacl-short.35/,Louis Clouatre; Prasanna Parthasarathi; Amal Zouaq; Sarath Chandar,louis-clouatre; prasanna-parthasarathi; amal-zouaq; sarath-chandar,4,5
2022.aacl-main.59,2022,Cross-lingual Few-Shot Learning on Unseen Languages,aacl,https://aclanthology.org/2022.aacl-main.59/,Genta Winata; Shijie Wu; Mayank Kulkarni; Thamar Solorio; Daniel Preotiuc-Pietro,genta-indra-winata; shijie-wu; mayank-kulkarni; thamar-solorio; daniel-preotiuc-pietro,5,5
2022.aacl-main.40,2022,VLStereoSet: A Study of Stereotypical Bias in Pre-trained Vision-Language Models,aacl,https://aclanthology.org/2022.aacl-main.40/,Kankan Zhou; Eason Lai; Jing Jiang,kankan-zhou; eason-lai; jing-jiang,3,5
2022.aacl-main.9,2022,WAX: A New Dataset for Word Association eXplanations,aacl,https://aclanthology.org/2022.aacl-main.9/,Chunhua Liu; Trevor Cohn; Simon De Deyne; Lea Frermann,chunhua-liu; trevor-cohn; simon-de-deyne; lea-frermann,4,5
2022.aacl-main.26,2022,PInKS: Preconditioned Commonsense Inference with Minimal Supervision,aacl,https://aclanthology.org/2022.aacl-main.26/,Ehsan Qasemi; Piyush Khanna; Qiang Ning; Muhao Chen,ehsan-qasemi; piyush-khanna; qiang-ning; muhao-chen,4,5
2022.aacl-main.37,2022,RecInDial: A Unified Framework for Conversational Recommendation with Pretrained Language Models,aacl,https://aclanthology.org/2022.aacl-main.37/,Lingzhi Wang; Huang Hu; Lei Sha; Can Xu; Daxin Jiang; Kam-Fai Wong,lingzhi-wang; huang-hu; lei-sha; can-xu; daxin-jiang; kam-fai-wong,6,5
2022.aacl-short.36,2022,Transformer-based Localization from Embodied Dialog with Large-scale Pre-training,aacl,https://aclanthology.org/2022.aacl-short.36/,Meera Hahn; James M. Rehg,meera-hahn; james-m-rehg,2,5
2022.aacl-main.23,2022,Hate Speech and Offensive Language Detection in Bengali,aacl,https://aclanthology.org/2022.aacl-main.23/,Mithun Das; Somnath Banerjee; Punyajoy Saha; Animesh Mukherjee,mithun-das; somnath-banerjee; punyajoy-saha; animesh-mukherjee,4,5
2022.aacl-main.21,2022,Who did what to Whom? Language models and humans respond diversely to features affecting argument hierarchy construction,aacl,https://aclanthology.org/2022.aacl-main.21/,Xiaonan Xu; Haoshuo Chen,xiaonan-xu; haoshuo-chen,2,5
2022.aacl-short.46,2022,MiQA: A Benchmark for Inference on Metaphorical Questions,aacl,https://aclanthology.org/2022.aacl-short.46/,Iulia Comșa; Julian Eisenschlos; Srini Narayanan,iulia-com-a; julian-eisenschlos; srini-narayanan,3,5
2022.aacl-main.74,2022,Hengam: An Adversarially Trained Transformer for Persian Temporal Tagging,aacl,https://aclanthology.org/2022.aacl-main.74/,Sajad Mirzababaei; Amir Hossein Kargaran; Hinrich Schütze; Ehsaneddin Asgari,sajad-mirzababaei; amir-hossein-kargaran; hinrich-schutze; ehsaneddin-asgari,4,5
2022.aacl-main.72,2022,Enhancing Financial Table and Text Question Answering with Tabular Graph and Numerical Reasoning,aacl,https://aclanthology.org/2022.aacl-main.72/,Rungsiman Nararatwong; Natthawut Kertkeidkachorn; Ryutaro Ichise,rungsiman-nararatwong; natthawut-kertkeidkachorn; ryutaro-ichise,3,5
2022.aacl-main.77,2022,Legal Case Document Summarization: Extractive and Abstractive Methods and their Evaluation,aacl,https://aclanthology.org/2022.aacl-main.77/,Abhay Shukla; Paheli Bhattacharya; Soham Poddar; Rajdeep Mukherjee; Kripabandhu Ghosh; Pawan Goyal; Saptarshi Ghosh,abhay-shukla; paheli-bhattacharya; soham-poddar; rajdeep-mukherjee; kripabandhu-ghosh; pawan-goyal; saptarshi-ghosh,7,5
2022.aacl-main.36,2022,Bag-of-Vectors Autoencoders for Unsupervised Conditional Text Generation,aacl,https://aclanthology.org/2022.aacl-main.36/,Florian Mai; James Henderson,florian-mai; james-henderson,2,5
2022.aacl-short.13,2022,NERDz: A Preliminary Dataset of Named Entities for Algerian,aacl,https://aclanthology.org/2022.aacl-short.13/,Samia Touileb,samia-touileb,1,5
2022.aacl-main.79,2022,Dead or Murdered? Predicting Responsibility Perception in Femicide News Reports,aacl,https://aclanthology.org/2022.aacl-main.79/,Gosse Minnema; Sara Gemelli; Chiara Zanchi; Tommaso Caselli; Malvina Nissim,gosse-minnema; sara-gemelli; chiara-zanchi; tommaso-caselli; malvina-nissim,5,5
2022.aacl-short.30,2022,Risk-graded Safety for Handling Medical Queries in Conversational AI,aacl,https://aclanthology.org/2022.aacl-short.30/,Gavin Abercrombie; Verena Rieser,gavin-abercrombie; verena-rieser,2,5
2022.aacl-tutorials.2,2022,Recent Advances in Pre-trained Language Models: Why Do They Work and How Do They Work,aacl,https://aclanthology.org/2022.aacl-tutorials.2/,Cheng-Han Chiang; Yung-Sung Chuang; Hung-yi Lee,cheng-han-chiang; yung-sung-chuang; hung-yi-lee,3,5
2022.aacl-short.56,2022,CLASP: Few-Shot Cross-Lingual Data Augmentation for Semantic Parsing,aacl,https://aclanthology.org/2022.aacl-short.56/,Andy Rosenbaum; Saleh Soltan; Wael Hamza; Marco Damonte; Isabel Groves; Amir Saffari,andy-rosenbaum; saleh-soltan; wael-hamza; marco-damonte; isabel-groves; amir-saffari,6,5
2022.aacl-main.43,2022,Is Encoder-Decoder Redundant for Neural Machine Translation?,aacl,https://aclanthology.org/2022.aacl-main.43/,Yingbo Gao; Christian Herold; Zijian Yang; Hermann Ney,yingbo-gao; christian-herold; zijian-yang; hermann-ney,4,5
2022.aacl-main.86,2022,Underspecification in Scene Description-to-Depiction Tasks,aacl,https://aclanthology.org/2022.aacl-main.86/,Ben Hutchinson; Jason Baldridge; Vinodkumar Prabhakaran,ben-hutchinson; jason-baldridge; vinodkumar-prabhakaran,3,5
